{"cameraMode":{"drawMode":0,"name":"Shaded","section":"Shading Mode"},"sceneLighting":false,"audioPlay":false,"sceneViewState":{"showFog":true,"showMaterialUpdate":true,"showSkybox":true,"showFlares":true,"showImageEffects":true,"showParticleSystems":true},"in2DMode":false,"pivot":{"x":434.2332763671875,"y":195.0798797607422,"z":31.268951416015626},"rotation":{"x":0.2489818036556244,"y":-0.02121090516448021,"z":-0.0054543036967515949,"w":-0.9682605266571045},"size":268.6005554199219,"orthographic":false}